index,Title,Gross,1st-100-Relative-Date,1st-0,1st-1,1st--2,1st--3,2nd-100-Relative-Date,2nd-0,2nd-1,2nd-2,2nd-3
0,x-men days of future past,,2014-04-30,357000.0,78540.0,46410.0,32130.0,,,,,
1,zootopia,,2016-02-29,6123840.0,1469721.0,489907.0,244953.0,,,,,
2,what ever happened to baby jane_,,2017-02-28,8437.0,1096.0,928.0,0.0,,,,,
3,what we do in the shadows,,2020-05-31,312677.0,303297.0,243888.0,81296.0,,,,,
4,white heat,,2012-02-29,80492.0,40246.0,36221.0,37026.0,,,,,
5,warrior,,2014-03-31,5022378.0,2410741.0,2310294.0,2511189.0,,,,,
6,wind river,,2017-08-31,1463637.0,878182.0,87818.0,58545.0,,,,,
7,y tu mamá también,,2011-12-31,16717.0,15881.0,15045.0,13707.0,,,,,
8,true grit,,2010-12-31,2033950.0,1830555.0,264413.0,162716.0,,,,,
9,udta punjab,,2016-05-31,,,,,,,,,
10,zulu,,2016-08-31,1366063.0,560085.0,737674.0,532764.0,,,,,
11,zindagi na milegi dobara,,2011-06-30,,,,,,,,,
12,twelve monkeys,,2014-12-31,36787.0,16186.0,15450.0,15082.0,,,,,
13,wreck-it ralph,,2012-10-31,145487.0,34917.0,21823.0,13093.0,,,,,
14,witness for the prosecution,,2016-11-30,110109.0,5505.0,5505.0,5505.0,,,,,
15,who framed roger rabbit,,2013-06-30,42958.0,24486.0,26204.0,24915.0,,,,,
16,zodiac,,2010-12-31,11146982.0,2006456.0,2117926.0,1894986.0,,,,,
17,vicky donor,,2012-04-30,1279200.0,1176864.0,63960.0,0.0,,,,,
18,x first class,,2011-05-31,1832600.0,531454.0,109956.0,109956.0,,,,,
19,yip man,,2010-04-30,,,,,,,,,
20,udaan,,2018-09-30,458742.0,412867.0,252308.0,201846.0,,,,,
21,toy story 3,,2010-06-30,8110300.0,7948094.0,1216545.0,729927.0,,,,,
22,toy story 4,,2019-05-31,8522500.0,1107925.0,511350.0,681800.0,,,,,
23,toy story 2,,2010-06-30,788488.0,693870.0,220776.0,189237.0,,,,,
24,the wolf of wall street,,2013-12-31,5016000.0,1354320.0,250800.0,150480.0,,,,,
25,uri  the surgical strike,,2018-12-31,377100.0,3771.0,0.0,0.0,,,,,
26,willy wonka _ the chocolate factory,,2016-08-31,17958.0,6824.0,2873.0,13827.0,,,,,
27,trainspotting,,2017-01-31,,,,,,,,,
28,the theory of everything,,2015-01-31,1307400.0,1006698.0,575256.0,496812.0,,,,,
29,the wild bunch,,2019-11-30,25996.0,4679.0,4419.0,5199.0,,,,,
30,training day,,2017-01-31,384645.0,165397.0,123086.0,119239.0,,,,,
31,tropa de elite,,2010-09-30,,,,,,,,,
32,whiplash,,2015-01-31,2762112.0,1712509.0,497180.0,414316.0,,,,,
33,wonder,,2017-05-31,16891711.0,5743182.0,3209425.0,3209425.0,,,,,
34,under sandet,,2015-11-30,0.0,0.0,0.0,0.0,,,,,
35,victoria,,2011-11-30,18056765.0,17515062.0,15528818.0,15889953.0,2012-11-30,18056765.0,16070521.0,15348250.0,15709385.0
36,tumbbad,,2018-09-30,338823.0,10164.0,3388.0,0.0,,,,,
37,the trial of the chicago 7,,2020-09-30,370350.0,33331.0,3703.0,3703.0,,,,,
38,this is england,,2010-08-31,963983.0,163877.0,67478.0,77118.0,,,,,
39,the untouchables,,2012-12-31,91174.0,70204.0,66557.0,72939.0,,,,,
40,thor ragnarok,,2017-10-31,14160500.0,6513830.0,1416050.0,991235.0,,,,,
41,the magnificent seven,,2016-09-30,1405700.0,1054275.0,112456.0,84342.0,,,,,
42,the wizard of oz,,2019-08-31,2825775.0,1102052.0,113031.0,84773.0,,,,,
43,the odd couple,,2015-01-31,158122.0,77479.0,23718.0,20555.0,,,,,
44,the shawshank redemption,,2020-03-31,118830.0,95064.0,51097.0,51097.0,,,,,
45,the right stuff,,2020-09-30,208100.0,39539.0,35377.0,33296.0,,,,,
46,the sound of music,,2013-11-30,690153.0,172538.0,82818.0,103523.0,,,,,
47,the sixth sense,,2013-09-30,208610.0,56324.0,54238.0,52152.0,,,,,
48,the sandlot,,2016-04-30,156804.0,45473.0,42337.0,37633.0,,,,,
49,three billboards outside ebbing  missouri,,2017-12-31,660950.0,165237.0,132190.0,19828.0,,,,,
50,toy story,,2019-05-31,13607944.0,2449430.0,1769032.0,2041191.0,,,,,
51,the secret of kells,,2010-02-28,60050.0,53444.0,7206.0,4203.0,,,,,
52,the social network,,2010-09-30,2848000.0,797440.0,256320.0,256320.0,,,,,
53,the remains of the day,,2017-09-30,72788.0,10918.0,9462.0,12374.0,,,,,
54,the shining,,2019-10-31,711359.0,654450.0,348566.0,312998.0,,,,,
55,the invisible man,,2020-02-29,1416966.0,637635.0,70848.0,42509.0,,,,,
56,the peanut butter falcon,,2019-08-31,226850.0,183748.0,6805.0,13611.0,,,,,
57,the perks of being a wallflower,,2012-09-30,,,,,,,,,
58,the muppet movie,,2011-10-31,72400.0,12308.0,7964.0,7964.0,,,,,
59,the purple rose of cairo,,2014-10-31,14472.0,3184.0,2749.0,1881.0,,,,,
60,the revenant,,2015-12-31,,,,,,,,,
61,the lunchbox,,2013-08-31,159792.0,25566.0,12783.0,12783.0,,,,,
62,the iron giant,,2018-03-31,43461.0,31726.0,24338.0,23903.0,,,,,
63,the lady vanishes,,2013-02-28,40761.0,2038.0,3668.0,3260.0,,,,,
64,the fugitive,,2020-07-31,132618.0,79570.0,51721.0,75592.0,,,,,
65,the innocents,,2018-07-31,268672.0,13433.0,13433.0,13433.0,,,,,
66,the irishman,,2019-10-31,3964350.0,832513.0,475722.0,356791.0,,,,,
67,the killing,,2012-05-31,1350136.0,1080108.0,1107111.0,729073.0,2014-07-31,1350136.0,796580.0,621062.0,648065.0
68,the martian,,2015-09-30,6247600.0,1624376.0,812188.0,374856.0,,,,,
69,the game,,2014-12-31,10332956.0,9299660.0,8783012.0,8576353.0,,,,,
70,the jungle book,,2016-03-31,4112750.0,411275.0,287892.0,164510.0,,,,,
71,the broken circle breakdown,,2014-02-28,97100.0,93216.0,80593.0,65057.0,,,,,
72,the imitation game,,2014-12-31,2611200.0,835584.0,417792.0,104448.0,,,,,
73,the goonies,,2014-03-31,164273.0,114991.0,65709.0,88707.0,,,,,
74,the longest day,,2020-05-31,296409.0,71138.0,35569.0,32605.0,,,,,
75,the intouchables,,2013-02-28,143166.0,98785.0,133145.0,137440.0,,,,,
76,the avengers,,2012-04-30,,,,,,,,,
77,the hurricane,,2017-08-31,4919061.0,1033002.0,147571.0,196762.0,,,,,
78,the kings speech,,2010-12-31,,,,,,,,,
79,the king of comedy,,2019-09-30,33890.0,17284.0,10844.0,6100.0,,,,,
80,the lost weekend,,2018-12-31,28778.0,4029.0,4892.0,4316.0,,,,,
81,the gentlemen,,2020-01-31,1315566.0,1262944.0,197335.0,78934.0,,,,,
82,the muppet christmas carol,,2017-11-30,13800.0,2760.0,690.0,414.0,,,,,
83,the dark knight rises,,2012-06-30,9932500.0,1589200.0,1291225.0,794600.0,,,,,
84,the lego movie,,2014-01-31,1802650.0,360530.0,90132.0,90132.0,,,,,
85,the birds,,2010-12-31,1050700.0,504336.0,493829.0,430787.0,,,,,
86,the lion king,,2019-06-30,4766740.0,762678.0,476674.0,572008.0,,,,,
87,the kid,,2010-05-31,1984657.0,1151101.0,1071715.0,1210641.0,,,,,
88,the boondock saints,,2010-02-28,217825.0,187329.0,89308.0,128516.0,,,,,
89,the big short,,2015-12-31,2899762.0,1333890.0,173985.0,57995.0,,,,,
90,the florida project,,2018-01-31,375985.0,364706.0,236871.0,266949.0,,,,,
91,the dark knight,,2012-06-30,9147900.0,1738101.0,1280706.0,914790.0,,,,,
92,the dirty dozen,,2020-04-30,23266.0,12564.0,10237.0,11633.0,,,,,
93,the french connection,,2011-03-31,46016.0,41414.0,39573.0,40034.0,,,,,
94,taken,,2014-12-31,6749174.0,2497194.0,2024752.0,2497194.0,,,,,
95,sweet smell of success,,2010-09-30,8121.0,3816.0,2598.0,2192.0,,,,,
96,the fall,,2019-10-31,3401701.0,1632816.0,1768884.0,1292646.0,,,,,
97,star wars,,2015-11-30,70917771.0,22693686.0,19856976.0,9928488.0,,,,,
98,the hateful eight,,2015-12-31,1768550.0,1061130.0,141484.0,53056.0,,,,,
99,strangers on a train,,2013-10-31,30800.0,18172.0,16940.0,9548.0,,,,,
100,the hobbit  the desolation of smaug,,2013-11-30,515400.0,92772.0,56694.0,25770.0,,,,,
101,the fault in our stars,,2014-05-31,6354700.0,2033504.0,1016752.0,762564.0,,,,,
102,tangled,,2020-02-29,4581925.0,458192.0,412373.0,504011.0,,,,,
103,star trek into darkness,,2013-04-30,1722100.0,344420.0,223873.0,172210.0,,,,,
104,the grand budapest hotel,,2014-02-28,604220.0,120844.0,36253.0,30211.0,,,,,
105,the green mile,,2012-08-31,476483.0,66707.0,76237.0,76237.0,,,,,
106,spotlight,,2016-01-31,,,,,,,,,
107,the hobbit  an unexpected journey,,2012-11-30,338500.0,47390.0,20310.0,27080.0,,,,,
108,the breakfast club,,2013-07-31,319445.0,261945.0,261945.0,252361.0,,,,,
109,the bridge on the river kwai,,2014-02-28,23511.0,10344.0,8228.0,10109.0,,,,,
110,shadow of a doubt,,2015-10-31,24879.0,5722.0,5722.0,8707.0,,,,,
111,searching,,2018-08-31,1933352.0,696006.0,425337.0,425337.0,,,,,
112,the fighter,,2010-12-31,1736950.0,1493777.0,573193.0,434237.0,,,,,
113,stagecoach,,2010-11-30,645591.0,419634.0,367986.0,367986.0,,,,,
114,the artist,,2012-01-31,2413433.0,1882478.0,892970.0,579224.0,,,,,
115,sleuth,,2016-01-31,964477.0,144671.0,77158.0,77158.0,,,,,
116,spartacus,,2012-02-29,5960700.0,4947381.0,3337992.0,1788210.0,,,,,
117,seppuku,,2015-11-30,119619.0,57417.0,52632.0,45455.0,,,,,
118,short term 12,,2013-12-31,90200.0,24354.0,15334.0,18040.0,,,,,
119,the girl with the dragon tattoo,,2011-12-31,,,,,,,,,
120,se7en,,2010-07-31,217170.0,204140.0,130302.0,138989.0,,,,,
121,sicario,,2015-09-30,2824487.0,988570.0,169469.0,141224.0,,,,,
122,straight outta compton,,2015-07-31,7200600.0,504042.0,216018.0,144012.0,,,,,
123,sholay,,2013-12-31,429157.0,128747.0,64373.0,60082.0,2018-08-31,429157.0,416282.0,321867.0,266077.0
124,talvar,,2015-09-30,641350.0,44894.0,25654.0,6413.0,,,,,
125,stand by me,,2014-11-30,1176240.0,552832.0,446971.0,435208.0,,,,,
126,secrets _ lies,,2015-02-28,14733.0,4714.0,2946.0,1473.0,,,,,
127,the blind side,,2010-02-28,7113975.0,2774450.0,3628127.0,5050922.0,,,,,
128,song of the sea,,2015-02-28,,,,,,,,,
129,the big lebowski,,2014-01-31,,,,,,,,,
130,special chabbis,,2013-01-31,,,,,,,,,
131,relatos salvajes,,2015-01-31,679780.0,605004.0,353485.0,299103.0,,,,,
132,skyfall,,2012-10-31,18731000.0,10489360.0,1123860.0,749240.0,,,,,
133,singin in the rain,,2013-05-31,39761.0,18290.0,13518.0,17494.0,,,,,
134,shutter island,,2010-02-28,4190650.0,4064930.0,419065.0,167626.0,,,,,
135,perfetti sconosciuti,,2016-01-31,366800.0,14672.0,0.0,0.0,,,,,
136,sanjuro,,2017-09-30,18653.0,2424.0,2238.0,1865.0,,,,,
137,red river,,2011-03-31,768623.0,407370.0,384311.0,376625.0,,,,,
138,patton,,2013-07-31,1635029.0,866565.0,670362.0,654011.0,,,,,
139,room,,2018-12-31,22282981.0,19163364.0,18940534.0,19163364.0,2019-01-31,22282981.0,22282981.0,19163364.0,18940534.0
140,smultronstället,,2012-06-30,11390.0,5809.0,6606.0,3303.0,,,,,
141,rushmore,,2020-06-30,1611786.0,548007.0,306239.0,241768.0,,,,,
142,pk,,2014-11-30,13349285.0,5339714.0,4939235.0,5206221.0,,,,,
143,sling blade,,2019-10-31,72310.0,33262.0,27478.0,37601.0,,,,,
144,sing street,,2016-12-31,305428.0,189365.0,143551.0,103845.0,,,,,
145,ray,,2014-08-31,15908507.0,10976870.0,10340529.0,9067849.0,,,,,
146,serpico,,2015-02-28,118215.0,50832.0,62654.0,72111.0,,,,,
147,rope,,2020-04-30,1794953.0,1651356.0,1328265.0,1274416.0,,,,,
148,soorarai pottru,,2020-10-31,1001550.0,120186.0,70108.0,100155.0,,,,,
149,silver linings playbook,,2013-01-31,3126500.0,2813850.0,844155.0,750360.0,,,,,
150,soul,,2010-03-31,9414243.0,8002106.0,6401685.0,5742688.0,,,,,
151,raazi,,2018-04-30,1853450.0,222414.0,18534.0,18534.0,,,,,
152,serbuan maut,,2012-02-29,0.0,0.0,0.0,0.0,2012-03-31,0.0,0.0,0.0,0.0
153,requiem for a dream,,2010-11-30,424132.0,330822.0,318099.0,309616.0,,,,,
154,scent of a woman,,2011-07-31,302820.0,81761.0,39366.0,36338.0,,,,,
155,paan singh tomar,,2012-02-29,408533.0,32682.0,4085.0,0.0,,,,,
156,sabrina,,2018-10-31,4784664.0,3636345.0,1531092.0,1387552.0,,,,,
157,rosemarys baby,,2014-04-30,37247.0,11174.0,5587.0,4842.0,,,,,
158,rush,,2012-03-31,,,,,,,,,
159,rebecca,,2011-02-28,8390777.0,1845970.0,2013786.0,2097694.0,,,,,
160,philomena,,2013-12-31,985537.0,591322.0,502624.0,118264.0,,,,,
161,road to perdition,,2020-03-31,95630.0,12432.0,12432.0,12432.0,,,,,
162,rogue one,,2016-11-30,8630500.0,863050.0,604135.0,258915.0,,,,,
163,rockstar,,2011-10-31,4700976.0,2115439.0,1833380.0,987204.0,,,,,
164,papillon,,2020-07-31,1057906.0,740534.0,719376.0,719376.0,,,,,
165,portrait de la jeune fille en feu,,2019-08-31,24666.0,1726.0,1480.0,1726.0,,,,,
166,roma,,2018-03-31,19429227.0,13406166.0,13017582.0,11463244.0,,,,,
167,ran,,2016-10-31,1411290.0,1185484.0,1114919.0,1044355.0,,,,,
168,planet of the apes,,2014-06-30,5999100.0,839874.0,539919.0,359946.0,,,,,
169,rio bravo,,2019-05-31,126937.0,77432.0,81240.0,86317.0,,,,,
170,per un pugno di dollari,,2020-06-30,35553.0,6044.0,9243.0,9954.0,,,,,
171,roman holiday,,2012-01-31,196626.0,33426.0,35392.0,27527.0,,,,,
172,psycho,,2019-02-28,1690754.0,1673846.0,1521678.0,1217342.0,,,,,
173,paddington 2,,2017-12-31,735675.0,551756.0,382551.0,73567.0,,,,,
174,my name is khan,,2010-01-31,,,,,,,,,
175,night on earth,,2020-01-31,55303.0,27098.0,15485.0,13825.0,,,,,
176,my cousin vinny,,2020-10-31,85354.0,54626.0,44384.0,48651.0,,,,,
177,naked,,2014-08-31,32489494.0,31189914.0,29240544.0,30540124.0,,,,,
178,once,,2019-07-31,12041490.0,8188213.0,6381990.0,6261575.0,,,,,
179,ordinary people,,2012-03-31,372145.0,81872.0,81872.0,85593.0,,,,,
180,only the brave,,2017-09-30,839360.0,75542.0,33574.0,58755.0,,,,,
181,once upon a time... in hollywood,,2019-08-31,34777.0,10781.0,2434.0,347.0,,,,,
182,la règle du jeu,,2010-08-31,12909.0,9423.0,3356.0,2710.0,,,,,
183,moonrise kingdom,,2012-05-31,1298850.0,545517.0,64942.0,51954.0,,,,,
184,nuovo cinema paradiso,,2012-11-30,50400.0,15120.0,13104.0,19152.0,,,,,
185,my fair lady,,2010-03-31,237578.0,116413.0,118789.0,133044.0,2011-09-30,237578.0,142547.0,114037.0,121165.0
186,nightcrawler,,2014-10-31,1209600.0,483840.0,96768.0,72576.0,,,,,
187,manchester by the sea,,2017-01-31,1680633.0,1344506.0,1193249.0,268901.0,,,,,
188,moana,,2016-11-30,6283817.0,3204747.0,565543.0,628381.0,,,,,
189,laura,,2020-07-31,11557251.0,6009770.0,6356488.0,5547480.0,,,,,
190,léon,,2013-08-31,908636.0,99950.0,99950.0,109036.0,,,,,
191,loving vincent,,2017-10-31,398266.0,346492.0,55757.0,23896.0,,,,,
192,madeo,,2018-07-31,20705.0,18634.0,12837.0,10766.0,,,,,
193,m.s. dhoni  the untold story,,2016-09-30,,,,,,,,,
194,me and earl and the dying girl,,2015-08-31,272200.0,95270.0,225926.0,201428.0,,,,,
195,miracle in cell no.7,,2014-06-30,8500.0,6460.0,3400.0,3485.0,,,,,
196,les diaboliques,,2020-02-29,14025.0,1823.0,1683.0,1683.0,,,,,
197,leviafan,,2014-12-31,35900.0,6103.0,4308.0,2513.0,,,,,
198,lifeboat,,2015-07-31,120400.0,89096.0,89096.0,65016.0,,,,,
199,marriage story,,2019-11-30,1146900.0,206442.0,80283.0,45876.0,,,,,
200,le locataire,,2016-10-31,40054.0,21629.0,18024.0,16422.0,,,,,
201,metropolis,,2010-01-31,1782312.0,1711020.0,1657550.0,1550611.0,,,,,
202,la strada,,2019-09-30,428746.0,300122.0,192935.0,192935.0,,,,,
203,mommy,,2015-07-31,1458366.0,1137526.0,962522.0,1064607.0,,,,,
204,misery,,2010-08-31,987038.0,967297.0,779760.0,384944.0,,,,,
205,miracle on 34th street,,2017-11-30,237850.0,45191.0,9514.0,7135.0,,,,,
206,la vita è bella,,2012-12-31,158827.0,46059.0,30177.0,30177.0,,,,,
207,mr. nobody,,2010-06-30,55957.0,36931.0,12870.0,12870.0,,,,,
208,la piel que habito,,2011-08-31,290100.0,124743.0,20307.0,14505.0,,,,,
209,midnight in paris,,2011-11-30,550385.0,319223.0,462324.0,335735.0,,,,,
210,lion,,2019-06-30,17819851.0,7484337.0,5702352.0,6236948.0,,,,,
211,logan,,2017-02-28,17478645.0,5418379.0,3495729.0,2971369.0,,,,,
212,manbiki kazoku,,2018-12-31,33000.0,21450.0,6930.0,4950.0,,,,,
213,mulan,,2020-08-31,5647885.0,1411971.0,960140.0,903661.0,,,,,
214,minority report,,2015-08-31,431566.0,237361.0,86313.0,86313.0,,,,,
215,moneyball,,2011-12-31,1196000.0,813280.0,562120.0,765440.0,,,,,
216,mandariinid,,2014-12-31,20000.0,8000.0,2000.0,2000.0,,,,,
217,mad max  fury road,,2015-04-30,,,,,,,,,
218,mad max 2,,2015-04-30,533780.0,74729.0,37364.0,32026.0,,,,,
219,lawrence of arabia,,2013-11-30,118179.0,29544.0,27181.0,31908.0,,,,,
220,life of pi,,2012-11-30,3011433.0,2017660.0,361372.0,180686.0,,,,,
221,lethal weapon,,2018-04-30,820791.0,393980.0,402187.0,459643.0,,,,,
222,kung fu,,2011-05-31,5039023.0,2569902.0,1259755.0,1259755.0,,,,,
223,jojo rabbit,,2020-01-31,3604200.0,2847318.0,756882.0,1261470.0,,,,,
224,knives out,,2019-11-30,3736300.0,1531883.0,149452.0,186815.0,,,,,
225,little women,,2019-12-31,3074066.0,2090365.0,368888.0,245925.0,,,,,
226,la double vie de véronique,,2017-03-31,0.0,0.0,0.0,0.0,,,,,
227,just mercy,,2019-12-31,1049800.0,262450.0,52490.0,31494.0,,,,,
228,la la land,,2016-12-31,7673150.0,2148482.0,306926.0,153463.0,,,,,
229,koe no katachi,,2017-04-30,580200.0,191466.0,150852.0,133446.0,,,,,
230,kahaani,,2016-11-30,,,,,,,,,
231,joker,,2019-09-30,27528800.0,7157488.0,3028168.0,2202304.0,,,,,
232,mary poppins,,2018-11-30,3779325.0,755865.0,453519.0,529105.0,,,,,
233,kick-ass,,2010-03-31,1169300.0,222167.0,105237.0,93544.0,,,,,
234,joyeux noël,,2020-11-30,101700.0,6102.0,2034.0,1017.0,,,,,
235,kis uykusu,,2014-05-31,23850.0,17887.0,238.0,238.0,,,,,
236,kubo and the two strings,,2016-08-31,590600.0,537446.0,41342.0,11812.0,,,,,
237,la grande bellezza,,2014-02-28,1653700.0,330740.0,578795.0,231518.0,,,,,
238,kokuhaku,,2011-01-31,17262.0,10184.0,5351.0,5351.0,,,,,
239,jurassic park,,2015-05-31,6325391.0,1518094.0,1012062.0,822300.0,,,,,
240,knockin on heavens door,,2013-08-31,33816.0,32802.0,30773.0,28067.0,,,,,
241,kaze tachinu,,2013-08-31,56133.0,48274.0,38732.0,15717.0,,,,,
242,its a wonderful life,,2011-11-30,259633.0,51926.0,20770.0,18174.0,,,,,
243,isle of dogs,,2018-03-31,1352750.0,730485.0,135275.0,54110.0,,,,,
244,la migliore offerta,,2012-12-31,307300.0,15365.0,3073.0,0.0,,,,,
245,interstellar,,2014-10-31,13634200.0,1363420.0,409026.0,272684.0,,,,,
246,inception,,2010-06-30,11969333.0,718160.0,478773.0,119693.0,,,,,
247,iron man,,2013-04-30,10676777.0,7260208.0,2775962.0,2348891.0,,,,,
248,jfk,,2013-10-31,5338938.0,1548292.0,1334734.0,1441513.0,,,,,
249,kingsman  the secret service,,2015-01-31,478100.0,90839.0,23905.0,14343.0,,,,,
250,inside out,,2015-06-30,,,,,,,,,
251,jaws,,2015-06-30,660024.0,607222.0,462017.0,402615.0,,,,,
252,jodaeiye nader az simin,,2011-12-31,14200.0,8946.0,7100.0,9372.0,,,,,
253,jagten,,2012-12-31,40992.0,25415.0,24595.0,11477.0,,,,,
254,incredibles 2,,2018-05-31,5016000.0,451440.0,250800.0,150480.0,,,,,
255,kimi no na wa.,,2016-08-31,0.0,0.0,0.0,0.0,,,,,
256,il buono  il brutto  il cattivo,,2012-04-30,46364.0,18082.0,15300.0,17618.0,,,,,
257,in a lonely place,,2011-12-31,18971.0,14418.0,8537.0,11762.0,,,,,
258,hidden figures,,2016-12-31,3095633.0,526257.0,61912.0,30956.0,,,,,
259,hunt for the wilderpeople,,2016-08-31,187962.0,103379.0,178564.0,101499.0,,,,,
260,heat,,2013-05-31,14651215.0,9230265.0,6300022.0,7765144.0,,,,,
261,hamilton,,2020-06-30,18166006.0,7266402.0,6358102.0,5813121.0,,,,,
262,haider,,2014-09-30,3187355.0,701218.0,478103.0,382482.0,,,,,
263,gully boy,,2019-01-31,1694100.0,321879.0,0.0,0.0,,,,,
264,hævnen,,2011-02-28,81100.0,69746.0,50282.0,9732.0,,,,,
265,high noon,,2020-05-31,168129.0,94152.0,53801.0,50438.0,,,,,
266,harvey,,2017-07-31,20371988.0,3870677.0,4481837.0,4074397.0,,,,,
267,harry potter and the deathly hallows  part 2,,2011-06-30,,,,,,,,,
268,how to train your dragon,,2014-05-31,3848150.0,885074.0,654185.0,500259.0,,,,,
269,hedwig and the angry inch,,2014-05-31,118159.0,44900.0,59079.0,25995.0,,,,,
270,hell or high water,,2016-08-31,793133.0,380704.0,23794.0,7931.0,,,,,
271,i  daniel blake,,2016-09-30,99500.0,7960.0,2985.0,3980.0,2016-10-31,99500.0,99500.0,7960.0,2985.0
272,groundhog day,,2017-01-31,2222866.0,333430.0,155600.0,88914.0,,,,,
273,how to train your dragon 2,,2014-05-31,2485800.0,497160.0,323154.0,223722.0,,,,,
274,hacksaw ridge,,2016-10-31,,,,,,,,,
275,hera pheri,,2018-09-30,371000.0,367290.0,319060.0,255990.0,,,,,
276,gandhi,,2018-09-30,4479009.0,2956146.0,2642615.0,2463455.0,,,,,
277,harry potter and the deathly hallows  part 1,,2011-06-30,490600.0,112838.0,88308.0,186428.0,,,,,
278,frankenstein,,2014-01-31,1223809.0,1199332.0,501761.0,587428.0,,,,,
279,green book,,2019-01-31,4346516.0,2042862.0,956233.0,782373.0,,,,,
280,fargo,,2015-11-30,,,,,,,,,
281,get out,,2017-02-28,7628103.0,5644796.0,3203803.0,3127522.0,,,,,
282,ghostbusters,,2016-06-30,6203028.0,1364666.0,930454.0,620302.0,,,,,
283,guardians of the galaxy vol. 2,,2017-04-30,569500.0,119595.0,17085.0,17085.0,,,,,
284,good will hunting,,2014-07-31,881042.0,96914.0,96914.0,96914.0,,,,,
285,giù la testa,,2010-11-30,15633.0,6878.0,4690.0,2501.0,,,,,
286,edge of tomorrow,,2014-05-31,2703933.0,594865.0,108157.0,108157.0,,,,,
287,giant,,2020-04-30,7648327.0,6730527.0,5659762.0,4741962.0,,,,,
288,gravity,,2013-09-30,9989077.0,4095521.0,2996723.0,2697050.0,,,,,
289,guess whos coming to dinner,,2016-10-31,21960.0,9442.0,5929.0,6368.0,,,,,
290,gilda,,2016-08-31,598752.0,347276.0,185613.0,167650.0,,,,,
291,gone with the wind,,2020-05-31,500639.0,160204.0,130166.0,120153.0,,,,,
292,glengarry glen ross,,2012-11-30,65937.0,51430.0,48134.0,40221.0,,,,,
293,gisaengchung,,2020-01-31,43300.0,34640.0,19052.0,14289.0,,,,,
294,gone girl,,2014-09-30,5022720.0,904089.0,301363.0,351590.0,,,,,
295,en man som heter ove,,2015-12-31,27915.0,25123.0,3628.0,2791.0,,,,,
296,drive,,2020-02-29,37867351.0,33323269.0,29915207.0,29157860.0,,,,,
297,gods own country,,2018-01-31,28600.0,16016.0,8866.0,9724.0,,,,,
298,gangs of wasseypur,,2012-07-31,903279.0,659394.0,704558.0,72262.0,,,,,
299,gifted,,2017-09-30,1653075.0,694291.0,810006.0,826537.0,,,,,
300,guardians of the galaxy,,2017-04-30,10044650.0,4520092.0,1205358.0,1004465.0,,,,,
301,forushande,,2017-01-31,0.0,0.0,0.0,0.0,,,,,
302,e.t. the extra-terrestrial,,2014-03-31,7831.0,3367.0,2427.0,2740.0,,,,,
303,edward scissorhands,,2015-09-30,187973.0,95866.0,67670.0,54512.0,,,,,
304,das boot,,2019-12-31,330521.0,69409.0,46273.0,46273.0,,,,,
305,ex machina,,2015-04-30,3097050.0,1269790.0,433587.0,309705.0,,,,,
306,full metal jacket,,2018-03-31,357337.0,132214.0,110774.0,142934.0,,,,,
307,druk,,2010-02-28,484304.0,469774.0,440716.0,343855.0,,,,,
308,end of watch,,2012-12-31,724041.0,709560.0,702320.0,485107.0,,,,,
309,ford v ferrari,,2019-10-31,641266.0,32063.0,25650.0,6412.0,,,,,
310,django unchained,,2012-12-31,5450000.0,2125500.0,218000.0,218000.0,,,,,
311,el secreto de sus ojos,,2010-02-28,453825.0,231450.0,122532.0,122532.0,,,,,
312,donnie brasco,,2011-07-31,76518.0,40554.0,39789.0,35963.0,,,,,
313,dilwale dulhania le jayenge,,2015-11-30,184233.0,90274.0,93959.0,49743.0,,,,,
314,first blood,,2015-08-31,326344.0,319817.0,303499.0,182752.0,,,,,
315,eskiya,,2016-04-30,520133.0,452516.0,400502.0,384898.0,,,,,
316,forrest gump,,2014-03-31,774384.0,549812.0,534325.0,696945.0,,,,,
317,deadpool 2,,2018-04-30,10479400.0,1362322.0,838352.0,628764.0,,,,,
318,dom za vesanje,,2010-10-31,17314.0,8657.0,2424.0,2424.0,,,,,
319,dil bechara,,2020-06-30,2598000.0,285780.0,0.0,0.0,,,,,
320,deadpool,,2016-01-31,,,,,,,,,
321,dead poets society,,2014-07-31,917572.0,55054.0,64230.0,82581.0,,,,,
322,das experiment,,2016-08-31,61500.0,8610.0,7380.0,9225.0,,,,,
323,despicable me,,2013-06-30,8503066.0,3061104.0,680245.0,510184.0,,,,,
324,enter the dragon,,2019-12-31,94131.0,49889.0,54596.0,32004.0,,,,,
325,days of heaven,,2011-04-30,30982.0,15181.0,13322.0,13012.0,,,,,
326,captain america  civil war,,2016-04-30,,,,,,,,,
327,die hard  with a vengeance,,2013-01-31,19516.0,11710.0,13076.0,5269.0,,,,,
328,dead man,,2013-05-31,1067076.0,618904.0,640246.0,864332.0,2013-06-30,1067076.0,1067076.0,618904.0,640246.0
329,contratiempo,,2017-06-30,169626.0,47495.0,49191.0,55976.0,,,,,
330,dunkirk,,2017-06-30,7971166.0,717405.0,637693.0,398558.0,,,,,
331,dawn of the planet of the apes,,2014-06-30,3287900.0,328790.0,197274.0,98637.0,,,,,
332,dil chahta hai,,2016-07-31,71108.0,50487.0,56886.0,36265.0,,,,,
333,do the right thing,,2020-05-31,108352.0,66095.0,50925.0,43341.0,,,,,
334,dark city,,2012-06-30,357220.0,142888.0,185754.0,135743.0,,,,,
335,close encounters of the third kind,,2017-08-31,135360.0,31132.0,23011.0,16243.0,,,,,
336,english vinglish,,2012-09-30,1373600.0,192304.0,54944.0,13736.0,,,,,
337,fried green tomatoes,,2011-07-31,109862.0,81298.0,58227.0,35156.0,2020-07-31,109862.0,95580.0,61523.0,56029.0
338,dark waters,,2019-11-30,470600.0,178828.0,23530.0,47060.0,,,,,
339,fanny och alexander,,2017-11-30,25639.0,1282.0,512.0,256.0,,,,,
340,captain america  the winter soldier,,2014-03-31,1272400.0,521684.0,229032.0,76344.0,,,,,
341,coco,,2017-11-30,9370726.0,8527360.0,4779070.0,4779070.0,,,,,
342,dangal,,2016-12-31,9574900.0,9191904.0,670243.0,478745.0,,,,,
343,capharnaüm,,2018-09-30,54333.0,8693.0,2716.0,1630.0,,,,,
344,breaking the waves,,2014-10-31,42145.0,9272.0,9693.0,10114.0,,,,,
345,brazil,,2014-05-31,18917165.0,4350947.0,3026746.0,3026746.0,,,,,
346,dallas buyers club,,2014-02-28,,,,,,,,,
347,casablanca,,2013-11-30,1505665.0,1069022.0,1038909.0,1174418.0,,,,,
348,chhichhore,,2019-08-31,854875.0,34195.0,0.0,0.0,,,,,
349,cape fear,,2018-08-31,248315.0,116708.0,109258.0,94360.0,,,,,
350,catch me if you can,,2015-03-31,435150.0,147951.0,113139.0,143599.0,,,,,
351,bridge of spies,,2015-09-30,1919700.0,134379.0,57591.0,38394.0,,,,,
352,city lights,,2014-04-30,548515.0,170039.0,181009.0,181009.0,,,,,
353,deliverance,,2018-01-31,2272787.0,250006.0,136367.0,113639.0,,,,,
354,der himmel über berlin,,2019-01-31,6857.0,754.0,548.0,548.0,,,,,
355,butch cassidy and the sundance kid,,2014-12-31,39660.0,35694.0,19433.0,19830.0,,,,,
356,beauty and the beast,,2017-02-28,11008733.0,2752183.0,1651310.0,880698.0,,,,,
357,amour,,2011-11-30,2562240.0,2024170.0,1998547.0,1972925.0,,,,,
358,apollo 13,,2019-06-30,405948.0,170498.0,194855.0,186736.0,,,,,
359,captain phillips,,2013-12-31,1871833.0,954634.0,1272846.0,1628495.0,,,,,
360,aliens,,2011-07-31,3815748.0,2785496.0,1640771.0,1526299.0,,,,,
361,big hero 6,,2014-10-31,3470133.0,451117.0,173506.0,138805.0,,,,,
362,bohemian rhapsody,,2018-10-31,,,,,,,,,
363,bir zamanlar anadoluda,,2011-09-30,28050.0,11500.0,1402.0,841.0,,,,,
364,cast away,,2020-08-31,333204.0,179930.0,246571.0,233242.0,,,,,
365,creed,,2016-11-30,10809083.0,4755996.0,4431724.0,4215542.0,,,,,
366,black swan,,2010-12-31,,,,,,,,,
367,blow,,2012-07-31,3664268.0,3297841.0,2784844.0,2931414.0,,,,,
368,bonnie and clyde,,2013-11-30,1986742.0,516553.0,298011.0,178806.0,,,,,
369,baby driver,,2017-06-30,6199650.0,1797898.0,247986.0,123993.0,,,,,
370,crash,,2019-12-31,11040520.0,5630665.0,4747424.0,4968234.0,,,,,
371,blade runner 2049,,2017-09-30,4987983.0,748197.0,149639.0,149639.0,,,,,
372,argo,,2013-01-31,3553636.0,1847891.0,1030554.0,1847891.0,,,,,
373,call me by your name,,2018-02-28,1878800.0,1371524.0,1766072.0,1052128.0,,,,,
374,badhaai ho,,2018-10-31,554533.0,343810.0,16636.0,0.0,,,,,
375,apocalypse now,,2019-02-28,295568.0,156651.0,133005.0,121183.0,,,,,
376,bhaag milkha bhaag,,2013-06-30,1285300.0,192795.0,25706.0,0.0,,,,,
377,ben-hur,,2016-07-31,663500.0,33175.0,19905.0,13270.0,,,,,
378,andaz apna apna,,2014-03-31,39688.0,30956.0,23416.0,33338.0,2017-02-28,39688.0,36513.0,39291.0,37703.0
379,andhadhun,,2018-09-30,818966.0,32758.0,0.0,0.0,,,,,
380,boyz n the hood,,2015-07-31,159495.0,63798.0,49443.0,43063.0,,,,,
381,beasts of no nation,,2015-09-30,362400.0,50736.0,10872.0,10872.0,,,,,
382,avengers  endgame,,2019-03-31,15310100.0,2602717.0,612404.0,612404.0,,,,,
383,blue velvet,,2012-08-31,162189.0,79473.0,81094.0,82716.0,,,,,
384,bajrangi bhaijaan,,2015-06-30,7252500.0,870300.0,362625.0,72525.0,,,,,
385,baby,,2013-06-30,57498226.0,47723528.0,45423599.0,39673776.0,,,,,
386,anand,,2018-04-30,1716110.0,840894.0,720766.0,669283.0,,,,,
387,arrival,,2016-10-31,3394719.0,848679.0,848679.0,780785.0,,,,,
388,back to the future part ii,,2015-09-30,17810.0,3027.0,2137.0,2493.0,,,,,
389,blade runner,,2017-09-30,7821160.0,1407808.0,391058.0,391058.0,,,,,
390,before midnight,,2013-05-31,552000.0,231840.0,77280.0,55200.0,,,,,
391,baahubali 2  the conclusion,,2017-04-30,155200.0,68288.0,7760.0,3104.0,,,,,
392,being john malkovich,,2020-07-31,50173.0,18564.0,32111.0,17560.0,,,,,
393,black,,2018-10-31,141009315.0,73324843.0,69094564.0,64864285.0,,,,,
394,avengers  infinity war,,2018-03-31,7988200.0,1677522.0,639056.0,399410.0,,,,,
395,a christmas story,,2017-11-30,746766.0,156821.0,37338.0,22403.0,,,,,
396,blazing saddles,,2016-07-31,174300.0,47061.0,45318.0,50547.0,,,,,
397,boyhood,,2014-12-31,1433500.0,444385.0,372710.0,272365.0,,,,,
398,a star is born,,2018-09-30,11987400.0,2277606.0,359622.0,239748.0,,,,,
399,about time,,2013-12-31,1498740.0,794332.0,1169017.0,1094080.0,,,,,
400,airlift,,2015-12-31,5345900.0,694967.0,267295.0,53459.0,,,,,
401,back to the future,,2015-09-30,5094000.0,611280.0,458460.0,611280.0,,,,,
402,a night at the opera,,2018-10-31,28814.0,6627.0,5186.0,4322.0,,,,,
403,akira,,2016-08-31,3934093.0,1376932.0,1180228.0,1062205.0,,,,,
404,12 years a slave,,2014-02-28,,,,,,,,,
405,a beautiful mind,,2015-04-30,241909.0,101601.0,108859.0,120954.0,,,,,
406,after hours,,2020-02-29,958953.0,767162.0,632909.0,565782.0,,,,,
407,alien,,2017-04-30,8415371.0,3702763.0,3366148.0,3113687.0,,,,,
408,amélie,,2010-09-30,334789.0,254440.0,210917.0,117176.0,,,,,
409,awakenings,,2014-07-31,157692.0,55192.0,97769.0,56769.0,,,,,
410,badlands,,2015-11-30,734537.0,705156.0,205670.0,190979.0,,,,,
411,barry lyndon,,2020-03-31,89973.0,17994.0,13496.0,16195.0,,,,,
412,aladdin,,2019-05-31,6597775.0,6531797.0,1121621.0,1385532.0,,,,,
413,12 angry men,,2015-04-30,116845.0,53748.0,49074.0,58422.0,,,,,
414,1917,,2019-12-31,7926350.0,1426743.0,554844.0,475581.0,,,,,
415,50_50,,2020-07-31,909113.0,163640.0,145458.0,145458.0,,,,,
416,2001  a space odyssey,,2014-10-31,100482.0,52251.0,43207.0,41198.0,,,,,
417,abre los ojos,,2013-11-30,41839.0,27613.0,28032.0,38492.0,,,,,
418,watership down,,2018-11-30,441216.0,52946.0,35297.0,35297.0,,,,,
